{
  "_id": "a6118e14-25cd-4d73-beb7-d4d8bcb04d3c",
  "flowName": "14-Mounjaro_Did_Not_Understand",
  "conversationType": "Medical",
  "intentName": "",
  "score": 0.4,
  "entities": "",
  "nodes": [
    {
      "nodeId": "3b973fde-65e4-4cc7-8aa4-4f93fd16a6a5",
      "parentIds": [
        "ROOT"
      ],
      "condition": "",
      "responses": [
        {
          "type": "suggestedActions",
          "text": "I'm sorry I do not understand.\nPlease rephrase your question about Mounjaro or select the category that best matches your needs.\nHere are some other topics we can review together.",
          "suggestedActions": [
            {
              "type": "imBack",
              "title": "What is Mounjaro and how does it work.",
              "value": "What is Mounjaro and how does it work."
            },
            {
              "type": "imBack",
              "title": "How to use Mounjaro.",
              "value": "How to use Mounjaro."
            },
            {
              "type": "imBack",
              "title": "Where to get Mounjaro.",
              "value": "Where to get Mounjaro."
            },
            {
              "type": "messageBack",
              "title": "Support resources.",
              "text": "Support resources.",
              "displayText": "Support resources.",
              "value": {
                "text": "Support resources.",
                "payload": {
                  "action": "triggerFlow",
                  "value": "12-Subcat_Support_Resources"
                }
              }
            },
            {
              "type": "messageBack",
              "title": "Savings.",
              "text": "Savings.",
              "displayText": "Savings.",
              "value": {
                "text": "Savings.",
                "payload": {
                  "action": "triggerFlow",
                  "value": "06-Savings_Coverage_Full_Tree"
                }
              }
            },
            {
              "type": "messageBack",
              "title": "Done for today",
              "text": "Done for today",
              "displayText": "Done for today",
              "value": {
                "text": "Done for today",
                "payload": {
                  "action": "triggerFlow",
                  "value": "13-Mounjaro_Offboarding"
                }
              }
            }
          ]
        }
      ]
    },
    {
      "nodeId": "5c91547f-8ada-488a-a42f-912a943fc4a7",
      "parentIds": [
        "3b973fde-65e4-4cc7-8aa4-4f93fd16a6a5"
      ],
      "condition": "What is Mounjaro and how does it work.",
      "responses": [
        {
          "type": "suggestedActions",
          "text": "Please select from the following topics",
          "suggestedActions": [
            {
              "type": "messageBack",
              "title": "What is Mounjaro.",
              "text": "What is Mounjaro.",
              "displayText": "What is Mounjaro.",
              "value": {
                "text": "What is Mounjaro.",
                "payload": {
                  "action": "triggerFlow",
                  "value": "02-What_Is_Mounjaro"
                }
              }
            },
            {
              "type": "messageBack",
              "title": "How Mounjaro works.",
              "text": "How Mounjaro works.",
              "displayText": "How Mounjaro works.",
              "value": {
                "text": "How Mounjaro works.",
                "payload": {
                  "action": "triggerFlow",
                  "value": "05-How_Mounjaro_Works"
                }
              }
            },
            {
              "type": "messageBack",
              "title": "Done for today",
              "text": "Done for today",
              "displayText": "Done for today",
              "value": {
                "text": "Done for today",
                "payload": {
                  "action": "triggerFlow",
                  "value": "13-Mounjaro_Offboarding"
                }
              }
            }
          ]
        }
      ]
    },
    {
      "nodeId": "97d18781-a6bb-4607-b4b4-1b444bc811cd",
      "parentIds": [
        "3b973fde-65e4-4cc7-8aa4-4f93fd16a6a5"
      ],
      "condition": "How to use Mounjaro.",
      "responses": [
        {
            "type": "suggestedActions",
            "text": "Please select from the following topics",
            "suggestedActions": [
              {
                "type": "messageBack",
                "title": "Instructions for taking Mounjaro.",
                "text": "Instructions for taking Mounjaro.",
                "displayText": "Instructions for taking Mounjaro.",
                "value": {
                  "text": "Instructions for taking Mounjaro.",
                  "payload": {
                    "action": "triggerFlow",
                    "value": "08-How_To_Use_Mounjaro"
                  }
                }
              },
              {
                "type": "messageBack",
                "title": "Done for today",
                "text": "Done for today",
                "displayText": "Done for today",
                "value": {
                  "text": "Done for today",
                  "payload": {
                    "action": "triggerFlow",
                    "value": "13-Mounjaro_Offboarding"
                  }
                }
              }
            ]
          }
      ]
    },
    {
        "nodeId": "9eb0f478-4f82-41b9-a33b-94369a5a5aaa",
        "parentIds": [
          "3b973fde-65e4-4cc7-8aa4-4f93fd16a6a5"
        ],
        "condition": "Where to get Mounjaro.",
        "responses": [
          {
              "type": "suggestedActions",
              "text": "Please select from the following topics",
              "suggestedActions": [
                {
                  "type": "messageBack",
                  "title": "Talking with my doctor.",
                  "text": "Talking with my doctor.",
                  "displayText": "Talking with my doctor.",
                  "value": {
                    "text": "Talking with my doctor.",
                    "payload": {
                      "action": "triggerFlow",
                      "value": "03-Talking_With_My_Doctor"
                    }
                  }
                },
                {
                    "type": "messageBack",
                    "title": "Is Mounjaro available.",
                    "text": "Is Mounjaro available.",
                    "displayText": "Is Mounjaro available.",
                    "value": {
                      "text": "Is Mounjaro available.",
                      "payload": {
                        "action": "triggerFlow",
                        "value": "07-Is_Mounjaro_Supply_Available"
                      }
                    }
                  },
                {
                  "type": "messageBack",
                  "title": "Done for today",
                  "text": "Done for today",
                  "displayText": "Done for today",
                  "value": {
                    "text": "Done for today",
                    "payload": {
                      "action": "triggerFlow",
                      "value": "13-Mounjaro_Offboarding"
                    }
                  }
                }
              ]
            }
        ]
      }
  ]
}
